[
    { "path": "Adhyay-01.html", "name": "अध्याय १" },
    { "path": "Adhyay-02.html", "name": "अध्याय २" },
    { "path": "Adhyay-03.html", "name": "अध्याय ३" },
    { "path": "Adhyay-04.html", "name": "अध्याय ४" },
    { "path": "Adhyay-05.html", "name": "अध्याय ५" },
    { "path": "Adhyay-06.html", "name": "अध्याय ६" },
    { "path": "Adhyay-07.html", "name": "अध्याय ७" },
    { "path": "Adhyay-08.html", "name": "अध्याय ८" },
    { "path": "Adhyay-09.html", "name": "अध्याय ९" },
    { "path": "Adhyay-10.html", "name": "अध्याय १०" },
    { "path": "Adhyay-11.html", "name": "अध्याय ११" },
    { "path": "Adhyay-12.html", "name": "अध्याय १२" },
    { "path": "Adhyay-13.html", "name": "अध्याय १३" },
    { "path": "Adhyay-14.html", "name": "अध्याय १४" },
    { "path": "Adhyay-15.html", "name": "अध्याय १५" },
    { "path": "Adhyay-16.html", "name": "अध्याय १६" },
    { "path": "Adhyay-17.html", "name": "अध्याय १७" },
    { "path": "Adhyay-18.html", "name": "अध्याय १८" },
    { "path": "Adhyay-19.html", "name": "अध्याय १९" },
    { "path": "Adhyay-20.html", "name": "अध्याय २०" },
    { "path": "Adhyay-21.html", "name": "अध्याय २१" }
]